{
  "Ansi 7 Color (Light)" : {
    "Red Component" : 0.77254902999999997,
    "Color Space" : "sRGB",
    "Blue Component" : 0.77647060000000001,
    "Green Component" : 0.78431373999999998
  },
  "Ansi 15 Color (Light)" : {
    "Red Component" : 1,
    "Color Space" : "sRGB",
    "Blue Component" : 1,
    "Green Component" : 1
  },
  "Ansi 2 Color (Light)" : {
    "Red Component" : 0.70980394000000002,
    "Color Space" : "sRGB",
    "Blue Component" : 0.40784313999999999,
    "Green Component" : 0.74117650000000002
  },
  "Bold Color" : {
    "Red Component" : 0.062745101749897003,
    "Color Space" : "sRGB",
    "Blue Component" : 0.062745101749897003,
    "Alpha Component" : 1,
    "Green Component" : 0.062745101749897003
  },
  "Ansi 1 Color (Dark)" : {
    "Red Component" : 0.80000000000000004,
    "Color Space" : "sRGB",
    "Blue Component" : 0.40000000000000002,
    "Green Component" : 0.40000000000000002
  },
  "Use Bright Bold" : true,
  "Ansi 9 Color (Light)" : {
    "Red Component" : 0.80000000000000004,
    "Color Space" : "sRGB",
    "Blue Component" : 0.40000000000000002,
    "Green Component" : 0.40000000000000002
  },
  "Ansi 8 Color (Dark)" : {
    "Red Component" : 0.58823530000000002,
    "Color Space" : "sRGB",
    "Blue Component" : 0.58823530000000002,
    "Green Component" : 0.59607845999999998
  },
  "Background Color" : {
    "Red Component" : 0.97999999999999998,
    "Color Space" : "sRGB",
    "Blue Component" : 0.97999999999999998,
    "Alpha Component" : 1,
    "Green Component" : 0.97999999999999998
  },
  "Columns" : 80,
  "Ansi 8 Color" : {
    "Red Component" : 0.40781760215759277,
    "Color Space" : "sRGB",
    "Blue Component" : 0.4078223705291748,
    "Alpha Component" : 1,
    "Green Component" : 0.40782788395881653
  },
  "Right Option Key Sends" : 0,
  "Ansi 4 Color (Light)" : {
    "Red Component" : 0.50588239999999995,
    "Color Space" : "sRGB",
    "Blue Component" : 0.74509804999999996,
    "Green Component" : 0.63529413999999995
  },
  "Blinking Cursor" : false,
  "Selected Text Color (Light)" : {
    "Red Component" : 0.77254902999999997,
    "Color Space" : "sRGB",
    "Blue Component" : 0.77647060000000001,
    "Green Component" : 0.78431373999999998
  },
  "Selected Text Color (Dark)" : {
    "Red Component" : 0.77254902999999997,
    "Color Space" : "sRGB",
    "Blue Component" : 0.77647060000000001,
    "Green Component" : 0.78431373999999998
  },
  "Ansi 3 Color (Dark)" : {
    "Red Component" : 0.94117649999999997,
    "Color Space" : "sRGB",
    "Blue Component" : 0.45490195999999999,
    "Green Component" : 0.77647060000000001
  },
  "Keyboard Map" : {

  },
  "Visual Bell" : true,
  "Only The Default BG Color Uses Transparency" : false,
  "Cursor Text Color" : {
    "Red Component" : 1,
    "Color Space" : "sRGB",
    "Blue Component" : 1,
    "Alpha Component" : 1,
    "Green Component" : 1
  },
  "Scrollback Lines" : 1000,
  "Selection Color (Light)" : {
    "Red Component" : 0.21568628000000001,
    "Color Space" : "sRGB",
    "Blue Component" : 0.25490197999999997,
    "Green Component" : 0.23137255000000001
  },
  "Ansi 0 Color" : {
    "Red Component" : 0.078431375324726105,
    "Color Space" : "sRGB",
    "Blue Component" : 0.11764705926179886,
    "Alpha Component" : 1,
    "Green Component" : 0.098039217293262482
  },
  "Match Background Color (Dark)" : {
    "Red Component" : 0.99697142839431763,
    "Color Space" : "P3",
    "Blue Component" : 0.32116127014160156,
    "Alpha Component" : 1,
    "Green Component" : 0.98600882291793823
  },
  "Ansi 11 Color (Light)" : {
    "Red Component" : 0.94117649999999997,
    "Color Space" : "sRGB",
    "Blue Component" : 0.45490195999999999,
    "Green Component" : 0.77647060000000001
  },
  "Ansi 5 Color (Dark)" : {
    "Red Component" : 0.69803923000000001,
    "Color Space" : "sRGB",
    "Blue Component" : 0.73333334999999999,
    "Green Component" : 0.58039220000000002
  },
  "Cursor Text Color (Light)" : {
    "Red Component" : 0.11372549,
    "Color Space" : "sRGB",
    "Blue Component" : 0.12941177000000001,
    "Green Component" : 0.12156863
  },
  "Silence Bell" : false,
  "Rows" : 25,
  "Guid" : "E82EE4B7-638A-48F2-8934-BADC7904D8C2",
  "Ansi 14 Color (Dark)" : {
    "Red Component" : 0.54117649999999995,
    "Color Space" : "sRGB",
    "Blue Component" : 0.71764709999999998,
    "Green Component" : 0.74509804999999996
  },
  "Use Cursor Guide (Dark)" : true,
  "Ansi 15 Color (Dark)" : {
    "Red Component" : 1,
    "Color Space" : "sRGB",
    "Blue Component" : 1,
    "Green Component" : 1
  },
  "Ansi 0 Color (Dark)" : {
    "Red Component" : 0.11372549,
    "Color Space" : "sRGB",
    "Blue Component" : 0.12941177000000001,
    "Green Component" : 0.12156863
  },
  "Ambiguous Double Width" : false,
  "Option Key Sends" : 0,
  "Ansi 3 Color" : {
    "Red Component" : 0.78058648109436035,
    "Color Space" : "sRGB",
    "Blue Component" : 0,
    "Alpha Component" : 1,
    "Green Component" : 0.76959484815597534
  },
  "Window Type" : 0,
  "Smart Cursor Color (Dark)" : false,
  "BM Growl" : true,
  "Prompt Before Closing 2" : false,
  "Command" : "",
  "Selected Text Color" : {
    "Red Component" : 0,
    "Color Space" : "sRGB",
    "Blue Component" : 0,
    "Alpha Component" : 1,
    "Green Component" : 0
  },
  "Ansi 14 Color (Light)" : {
    "Red Component" : 0.54117649999999995,
    "Color Space" : "sRGB",
    "Blue Component" : 0.71764709999999998,
    "Green Component" : 0.74509804999999996
  },
  "Cursor Guide Color (Dark)" : {
    "Red Component" : 0.78281450271606445,
    "Color Space" : "P3",
    "Blue Component" : 0.98283571004867554,
    "Alpha Component" : 0.0646209716796875,
    "Green Component" : 0.91543644666671753
  },
  "Send Code When Idle" : false,
  "Ansi 6 Color" : {
    "Red Component" : 0,
    "Color Space" : "sRGB",
    "Blue Component" : 0.78166204690933228,
    "Alpha Component" : 1,
    "Green Component" : 0.77425903081893921
  },
  "Jobs to Ignore" : [
    "rlogin",
    "ssh",
    "slogin",
    "telnet"
  ],
  "Badge Color (Dark)" : {
    "Red Component" : 0.92929404973983765,
    "Color Space" : "P3",
    "Blue Component" : 0.13960540294647217,
    "Alpha Component" : 0.5,
    "Green Component" : 0.25479039549827576
  },
  "Cursor Color" : {
    "Red Component" : 0,
    "Color Space" : "sRGB",
    "Blue Component" : 0,
    "Alpha Component" : 1,
    "Green Component" : 0
  },
  "Vertical Spacing" : 1,
  "Disable Window Resizing" : true,
  "Close Sessions On End" : true,
  "Selection Color (Dark)" : {
    "Red Component" : 0.21568628000000001,
    "Color Space" : "sRGB",
    "Blue Component" : 0.25490197999999997,
    "Green Component" : 0.23137255000000001
  },
  "Default Bookmark" : "No",
  "Minimum Contrast (Dark)" : 0,
  "Custom Command" : "No",
  "Foreground Color (Light)" : {
    "Red Component" : 0.77254902999999997,
    "Color Space" : "sRGB",
    "Blue Component" : 0.77647060000000001,
    "Green Component" : 0.78431373999999998
  },
  "Ansi 9 Color" : {
    "Red Component" : 0.8659515380859375,
    "Color Space" : "sRGB",
    "Blue Component" : 0.45833224058151245,
    "Alpha Component" : 1,
    "Green Component" : 0.47524076700210571
  },
  "Background Color (Dark)" : {
    "Red Component" : 0.11372549,
    "Color Space" : "sRGB",
    "Blue Component" : 0.12941177000000001,
    "Green Component" : 0.12156863
  },
  "Ansi 14 Color" : {
    "Red Component" : 0.37597531080245972,
    "Color Space" : "sRGB",
    "Blue Component" : 1,
    "Alpha Component" : 1,
    "Green Component" : 0.99263292551040649
  },
  "Flashing Bell" : false,
  "Use Italic Font" : true,
  "Ansi 13 Color (Dark)" : {
    "Red Component" : 0.69803923000000001,
    "Color Space" : "sRGB",
    "Blue Component" : 0.73333334999999999,
    "Green Component" : 0.58039220000000002
  },
  "Cursor Guide Color (Light)" : {
    "Red Component" : 0.74862593412399292,
    "Color Space" : "P3",