{
  "Ansi 6 Color" : {
    "Red Component" : 0.54117649999999995,
    "Color Space" : "sRGB",
    "Blue Component" : 0.71764709999999998,
    "Green Component" : 0.74509804999999996
  },
  "Tags" : [

  ],
  "Ansi 12 Color" : {
    "Red Component" : 0.50588239999999995,
    "Color Space" : "sRGB",
    "Blue Component" : 0.74509804999999996,
    "Green Component" : 0.63529413999999995
  },
  "Ansi 0 Color" : {
    "Red Component" : 0.11372549,
    "Color Space" : "sRGB",
    "Blue Component" : 0.12941177000000001,
    "Green Component" : 0.12156863
  },
  "Normal Font" : "JetBrainsMonoNerdFontCompleteM-Regular 12",
  "Bold Color" : {
    "Red Component" : 0.77254902999999997,
    "Color Space" : "sRGB",
    "Blue Component" : 0.77647060000000001,
    "Green Component" : 0.78431373999999998
  },
  "Ansi 2 Color" : {
    "Red Component" : 0.70980394000000002,
    "Color Space" : "sRGB",
    "Blue Component" : 0.40784313999999999,
    "Green Component" : 0.74117650000000002
  },
  "Ansi 4 Color" : {
    "Red Component" : 0.50588239999999995,
    "Color Space" : "sRGB",
    "Blue Component" : 0.74509804999999996,
    "Green Component" : 0.63529413999999995
  },
  "Custom Directory" : "No",
  "Rows" : 25,
  "Default Bookmark" : "No",
  "Blend" : 1,
  "Cursor Guide Color" : {
    "Red Component" : 0.70214027166366577,
    "Color Space" : "sRGB",
    "Blue Component" : 1,
    "Alpha Component" : 0.25,
    "Green Component" : 0.92681378126144409
  },
  "Non-ASCII Anti Aliased" : true,
  "Use Bright Bold" : true,
  "Ansi 10 Color" : {
    "Red Component" : 0.70980394000000002,
    "Color Space" : "sRGB",
    "Blue Component" : 0.40784313999999999,
    "Green Component" : 0.74117650000000002
  },
  "Ambiguous Double Width" : false,
  "Jobs to Ignore" : [
    "rlogin",
    "ssh",
    "slogin",
    "telnet"
  ],
  "Ansi 15 Color" : {
    "Red Component" : 1,
    "Color Space" : "sRGB",
    "Blue Component" : 1,
    "Green Component" : 1
  },
  "Foreground Color" : {
    "Red Component" : 0.77254902999999997,
    "Color Space" : "sRGB",
    "Blue Component" : 0.77647060000000001,
    "Green Component" : 0.78431373999999998
  },
  "Working Directory" : "\/Users\/viktorholk",
  "Blinking Cursor" : false,
  "Disable Window Resizing" : true,
  "Sync Title" : false,
  "Prompt Before Closing 2" : 1,
  "BM Growl" : true,
  "Command" : "",
  "Description" : "Default",
  "Mouse Reporting" : true,
  "Screen" : -1,
  "Selection Color" : {
    "Red Component" : 0.21568628000000001,
    "Color Space" : "sRGB",
    "Blue Component" : 0.25490197999999997,
    "Green Component" : 0.23137255000000001
  },
  "Columns" : 80,
  "Idle Code" : 0,
  "Background Image Mode" : 1,
  "Ansi 13 Color" : {
    "Red Component" : 0.69803923000000001,
    "Color Space" : "sRGB",
    "Blue Component" : 0.73333334999999999,
    "Green Component" : 0.58039220000000002
  },
  "Custom Command" : "No",
  "ASCII Anti Aliased" : true,
  "Non Ascii Font" : "Monaco 12",
  "Vertical Spacing" : 1,
  "Use Bold Font" : true,
  "Option Key Sends" : 0,
  "Selected Text Color" : {
    "Red Component" : 0.77254902999999997,
    "Color Space" : "sRGB",
    "Blue Component" : 0.77647060000000001,
    "Green Component" : 0.78431373999999998
  },
  "Background Color" : {
    "Red Component" : 0.11372549,
    "Color Space" : "sRGB",
    "Blue Component" : 0.12941177000000001,
    "Green Component" : 0.12156863
  },
  "Character Encoding" : 4,
  "Ansi 11 Color" : {
    "Red Component" : 0.94117649999999997,
    "Color Space" : "sRGB",
    "Blue Component" : 0.45490195999999999,
    "Green Component" : 0.77647060000000001
  },
  "Use Italic Font" : true,
  "Unlimited Scrollback" : true,
  "Keyboard Map" : {
    "0xf700-0x260000" : {
      "Action" : 10,
      "Text" : "[1;6A"
    },
    "0x37-0x40000" : {
      "Action" : 11,
      "Text" : "0x1f"
    },
    "0x32-0x40000" : {
      "Action" : 11,
      "Text" : "0x00"
    },
    "0xf709-0x20000" : {
      "Action" : 10,
      "Text" : "[17;2~"
    },
    "0xf70c-0x20000" : {
      "Action" : 10,
      "Text" : "[20;2~"
    },
    "0xf729-0x20000" : {
      "Action" : 10,
      "Text" : "[1;2H"
    },
    "0xf72b-0x40000" : {
      "Action" : 10,
      "Text" : "[1;5F"
    },
    "0xf705-0x20000" : {
      "Action" : 10,
      "Text" : "[1;2Q"
    },
    "0xf703-0x260000" : {
      "Action" : 10,
      "Text" : "[1;6C"
    },
    "0xf700-0x220000" : {
      "Action" : 10,
      "Text" : "[1;2A"
    },
    "0xf701-0x280000" : {
      "Action" : 11,
      "Text" : "0x1b 0x1b 0x5b 0x42"
    },
    "0x38-0x40000" : {
      "Action" : 11,
      "Text" : "0x7f"
    },
    "0x33-0x40000" : {
      "Action" : 11,
      "Text" : "0x1b"
    },
    "0xf703-0x220000" : {
      "Action" : 10,
      "Text" : "[1;2C"
    },
    "0xf701-0x240000" : {
      "Action" : 10,
      "Text" : "[1;5B"
    },
    "0xf70d-0x20000" : {
      "Action" : 10,
      "Text" : "[21;2~"
    },
    "0xf702-0x260000" : {
      "Action" : 10,
      "Text" : "[1;6D"
    },
    "0xf729-0x40000" : {
      "Action" : 10,
      "Text" : "[1;5H"
    },
    "0xf706-0x20000" : {
      "Action" : 10,
      "Text" : "[1;2R"
    },
    "0x34-0x40000" : {
      "Action" : 11,
      "Text" : "0x1c"
    },
    "0xf700-0x280000" : {
      "Action" : 11,
      "Text" : "0x1b 0x1b 0x5b 0x41"
    },
    "0x2d-0x40000" : {
      "Action" : 11,
      "Text" : "0x1f"
    },
    "0xf70e-0x20000" : {
      "Action" : 10,
      "Text" : "[23;2~"
    },
    "0xf702-0x220000" : {
      "Action" : 10,
      "Text" : "[1;2D"
    },
    "0xf703-0x280000" : {
      "Action" : 11,
      "Text" : "0x1b 0x1b 0x5b 0x43"
    },
    "0xf700-0x240000" : {
      "Action" : 10,
      "Text" : "[1;5A"
    },
    "0xf707-0x20000" : {
      "Action" : 10,
      "Text" : "[1;2S"
    },
    "0xf70a-0x20000" : {
      "Action" : 10,
      "Text" : "[18;2~"
    },
    "0x35-0x40000" : {
      "Action" : 11,
      "Text" : "0x1d"
    },
    "0xf70f-0x20000" : {
      "Action" : 10,
      "Text" : "[24;2~"
    },
    "0xf703-0x240000" : {
      "Action" : 10,
      "Text" : "[1;5C"
    },
    "0xf701-0x260000" : {
      "Action" : 10,
      "Text" : "[1;6B"
    },
    "0xf702-0x280000" : {
      "Action" : 11,
      "Text" : "0x1b 0x1b 0x5b 0x44"
    },
    "0xf72b-0x20000" : {
      "Action" : 10,
      "Text" : "[1;2F"
    },
    "0x36-0x40000" : {
      "Action" : 11,
      "Text" : "0x1e"
    },
    "0xf708-0x20000" : {
      "Action" : 10,
      "Text" : "[15;2~"
    },
    "0xf701-0x220000" : {
      "Action" : 10,
      "Text" : "[1;2B"
    },
    "0xf70b-0x20000" : {
      "Action" : 10,
      "Text" : "[19;2~"
    },
    "0xf702-0x240000" : {
      "Action" : 10,
      "Text" : "[1;5D"
    },
    "0xf704-0x20000" : {
      "Action" : 10,
      "Text" : "[1;2P"
    }
  },
  "Window Type" : 0,
  "Blur Radius" : 9.6352144281914889,
  "Cursor Type" : 0,
  "Blur" : true,
  "Blink Allowed" : false,
  "Badge Color" : {
    "Red Component" : 1,
    "Color Space" : "sRGB",
    "Blue Component" : 0,
    "Alpha Component" : 0.5,
    "Green Component" : 0.14910027384757996
  },
  "Scrollback Lines" : 0,
  "Send Code When Idle" : false,
  "Close Sessions On End" : 1,
  "Terminal Type" : "xterm-256color",
  "Visual Bell" : true,
  "Flashing Bell" : false,
  "Silence Bell" : false,
  "Ansi 14 Color" : {
    "Red Component" : 0.54117649999999995,
    "Color Space" : "sRGB",
    "Blue Component" : 0.71764709999999998,
    "Green Component" : 0.74509804999999996
  },
  "ASCII Ligatures" : false,
  "Name" : "Default",
  "Cursor Text Color" : {
    "Red Component" : 0.11372549,
    "Color Space" : "sRGB",
    "Blue Component" : 0.12941177000000001,
    "Green Component" : 0.12156863
  },
  "Shortcut" : "",
  "Cursor Color" : {
    "Red Component" : 0.77254902999999997,
    "Color Space" : "sRGB",
    "Blue Component" : 0.77647060000000001,
    "Green Component" : 0.78431373999999998
  },
  "Transparency" : 0.050000000000000003,